lesson_id,level,module,lesson,module_title,communication_goal,speaking_design_brief,writing_design_brief,language_to_teach_or_refresh,delayed_check_design,status
active-a1-m01-l01,A1,1,1,"Hello, this is me",Introduce yourself by name,Introduce yourself by name. Use a spoken answer in this setting: a friendly first meeting. The partner asks one relevant question at a time.,Introduce yourself by name. Write for this purpose: a class introduction. Include only the information the reader needs.,"ich heiße / bin; komme aus; wohne in, taught as chunks",Introduce yourself to a club organiser who asks the details in a different order,draft—teacher review required
active-a1-m01-l02,A1,1,2,"Hello, this is me",Say which country you are from,Say which country you are from. Use a spoken answer in this setting: a friendly first meeting. The partner asks one relevant question at a time.,Say which country you are from. Write for this purpose: a class introduction. Include only the information the reader needs.,"ich heiße / bin; komme aus; wohne in, taught as chunks",Introduce yourself to a club organiser who asks the details in a different order,draft—teacher review required
active-a1-m01-l03,A1,1,3,"Hello, this is me",Say where you live,Say where you live. Use a spoken answer in this setting: a friendly first meeting. The partner asks one relevant question at a time.,Say where you live. Write for this purpose: a class introduction. Include only the information the reader needs.,"ich heiße / bin; komme aus; wohne in, taught as chunks",Introduce yourself to a club organiser who asks the details in a different order,draft—teacher review required
active-a1-m01-l04,A1,1,4,"Hello, this is me",Give a tiny introduction to a new classmate,Give a tiny introduction to a new classmate. Use a spoken answer in this setting: a friendly first meeting. The partner asks one relevant question at a time.,Give a tiny introduction to a new classmate. Write for this purpose: a class introduction. Include only the information the reader needs.,"ich heiße / bin; komme aus; wohne in, taught as chunks",Introduce yourself to a club organiser who asks the details in a different order,draft—teacher review required
active-a1-m02-l01,A1,2,1,Family and people,Name a family member or someone important to you,Name a family member or someone important to you. Use a spoken answer in this setting: a friend asks about people in a picture. The partner asks one relevant question at a time.,Name a family member or someone important to you. Write for this purpose: a short message introducing a person. Include only the information the reader needs.,er/sie; ist; mein/meine; simple personal adjectives; optional fictional people,Describe a different household or a fictional group rather than repeat your own family script,draft—teacher review required
active-a1-m02-l02,A1,2,2,Family and people,Say how two people are related,Say how two people are related. Use a spoken answer in this setting: a friend asks about people in a picture. The partner asks one relevant question at a time.,Say how two people are related. Write for this purpose: a short message introducing a person. Include only the information the reader needs.,er/sie; ist; mein/meine; simple personal adjectives; optional fictional people,Describe a different household or a fictional group rather than repeat your own family script,draft—teacher review required
active-a1-m02-l03,A1,2,3,Family and people,Give one simple description of a person,Give one simple description of a person. Use a spoken answer in this setting: a friend asks about people in a picture. The partner asks one relevant question at a time.,Give one simple description of a person. Write for this purpose: a short message introducing a person. Include only the information the reader needs.,er/sie; ist; mein/meine; simple personal adjectives; optional fictional people,Describe a different household or a fictional group rather than repeat your own family script,draft—teacher review required
active-a1-m02-l04,A1,2,4,Family and people,Introduce someone to a friend,Introduce someone to a friend. Use a spoken answer in this setting: a friend asks about people in a picture. The partner asks one relevant question at a time.,Introduce someone to a friend. Write for this purpose: a short message introducing a person. Include only the information the reader needs.,er/sie; ist; mein/meine; simple personal adjectives; optional fictional people,Describe a different household or a fictional group rather than repeat your own family script,draft—teacher review required
active-a1-m03-l01,A1,3,1,Home and belongings,Name familiar things in a room,Name familiar things in a room. Use a spoken answer in this setting: a visitor asks about your room. The partner asks one relevant question at a time.,Name familiar things in a room. Write for this purpose: a small note for a house guest. Include only the information the reader needs.,der/die/das; ein/eine; haben; formulaic location phrases with a small taught set,Explain a different room layout to a visitor using supplied picture information,draft—teacher review required
active-a1-m03-l02,A1,3,2,Home and belongings,Describe one room in simple terms,Describe one room in simple terms. Use a spoken answer in this setting: a visitor asks about your room. The partner asks one relevant question at a time.,Describe one room in simple terms. Write for this purpose: a small note for a house guest. Include only the information the reader needs.,der/die/das; ein/eine; haben; formulaic location phrases with a small taught set,Explain a different room layout to a visitor using supplied picture information,draft—teacher review required
active-a1-m03-l03,A1,3,3,Home and belongings,Say which things belong to you,Say which things belong to you. Use a spoken answer in this setting: a visitor asks about your room. The partner asks one relevant question at a time.,Say which things belong to you. Write for this purpose: a small note for a house guest. Include only the information the reader needs.,der/die/das; ein/eine; haben; formulaic location phrases with a small taught set,Explain a different room layout to a visitor using supplied picture information,draft—teacher review required
active-a1-m03-l04,A1,3,4,Home and belongings,Tell a visitor where a familiar object is,Tell a visitor where a familiar object is. Use a spoken answer in this setting: a visitor asks about your room. The partner asks one relevant question at a time.,Tell a visitor where a familiar object is. Write for this purpose: a small note for a house guest. Include only the information the reader needs.,der/die/das; ein/eine; haben; formulaic location phrases with a small taught set,Explain a different room layout to a visitor using supplied picture information,draft—teacher review required
active-a1-m04-l01,A1,4,1,My day and time,Say when you wake up and start your day,Say when you wake up and start your day. Use a spoken answer in this setting: a classmate asks about your day. The partner asks one relevant question at a time.,Say when you wake up and start your day. Write for this purpose: a message about your availability. Include only the information the reader needs.,regular present verbs; clock times; am/um; first separable-verb chunks,Use a new timetable to say when you are free without reusing your usual routine,draft—teacher review required
active-a1-m04-l02,A1,4,2,My day and time,Describe two regular daily activities,Describe two regular daily activities. Use a spoken answer in this setting: a classmate asks about your day. The partner asks one relevant question at a time.,Describe two regular daily activities. Write for this purpose: a message about your availability. Include only the information the reader needs.,regular present verbs; clock times; am/um; first separable-verb chunks,Use a new timetable to say when you are free without reusing your usual routine,draft—teacher review required
active-a1-m04-l03,A1,4,3,My day and time,Ask and answer a simple time question,Ask and answer a simple time question. Use a spoken answer in this setting: a classmate asks about your day. The partner asks one relevant question at a time.,Ask and answer a simple time question. Write for this purpose: a message about your availability. Include only the information the reader needs.,regular present verbs; clock times; am/um; first separable-verb chunks,Use a new timetable to say when you are free without reusing your usual routine,draft—teacher review required
active-a1-m04-l04,A1,4,4,My day and time,Give someone a short daily timetable,Give someone a short daily timetable. Use a spoken answer in this setting: a classmate asks about your day. The partner asks one relevant question at a time.,Give someone a short daily timetable. Write for this purpose: a message about your availability. Include only the information the reader needs.,regular present verbs; clock times; am/um; first separable-verb chunks,Use a new timetable to say when you are free without reusing your usual routine,draft—teacher review required
active-a1-m05-l01,A1,5,1,School and college basics,Say what you study or which class you attend,Say what you study or which class you attend. Use a spoken answer in this setting: a short exchange with a classmate or teacher. The partner asks one relevant question at a time.,Say what you study or which class you attend. Write for this purpose: a brief note to a teacher or course office. Include only the information the reader needs.,lernen/studieren; where/when questions; bitte; kann; simple polite absence phrases,Find a different room and send a brief absence message using a supplied timetable,draft—teacher review required
active-a1-m05-l02,A1,5,2,School and college basics,Ask where a class or room is,Ask where a class or room is. Use a spoken answer in this setting: a short exchange with a classmate or teacher. The partner asks one relevant question at a time.,Ask where a class or room is. Write for this purpose: a brief note to a teacher or course office. Include only the information the reader needs.,lernen/studieren; where/when questions; bitte; kann; simple polite absence phrases,Find a different room and send a brief absence message using a supplied timetable,draft—teacher review required
active-a1-m05-l03,A1,5,3,School and college basics,Ask for a pen or another classroom item,Ask for a pen or another classroom item. Use a spoken answer in this setting: a short exchange with a classmate or teacher. The partner asks one relevant question at a time.,Ask for a pen or another classroom item. Write for this purpose: a brief note to a teacher or course office. Include only the information the reader needs.,lernen/studieren; where/when questions; bitte; kann; simple polite absence phrases,Find a different room and send a brief absence message using a supplied timetable,draft—teacher review required
active-a1-m05-l04,A1,5,4,School and college basics,Tell a teacher you cannot attend a class,Tell a teacher you cannot attend a class. Use a spoken answer in this setting: a short exchange with a classmate or teacher. The partner asks one relevant question at a time.,Tell a teacher you cannot attend a class. Write for this purpose: a brief note to a teacher or course office. Include only the information the reader needs.,lernen/studieren; where/when questions; bitte; kann; simple polite absence phrases,Find a different room and send a brief absence message using a supplied timetable,draft—teacher review required
active-a1-m06-l01,A1,6,1,First words at work,Say your job or everyday role,Say your job or everyday role. Use a spoken answer in this setting: a friendly workplace introduction. The partner asks one relevant question at a time.,Say your job or everyday role. Write for this purpose: a short note to a colleague. Include only the information the reader needs.,arbeiten; basic job nouns; present tense; can/help chunks; du versus Sie as context requires,Introduce a fictional role and ask a new colleague for a specific item,draft—teacher review required
active-a1-m06-l02,A1,6,2,First words at work,Describe one simple work activity,Describe one simple work activity. Use a spoken answer in this setting: a friendly workplace introduction. The partner asks one relevant question at a time.,Describe one simple work activity. Write for this purpose: a short note to a colleague. Include only the information the reader needs.,arbeiten; basic job nouns; present tense; can/help chunks; du versus Sie as context requires,Introduce a fictional role and ask a new colleague for a specific item,draft—teacher review required
active-a1-m06-l03,A1,6,3,First words at work,Ask a colleague for a basic item or help,Ask a colleague for a basic item or help. Use a spoken answer in this setting: a friendly workplace introduction. The partner asks one relevant question at a time.,Ask a colleague for a basic item or help. Write for this purpose: a short note to a colleague. Include only the information the reader needs.,arbeiten; basic job nouns; present tense; can/help chunks; du versus Sie as context requires,Introduce a fictional role and ask a new colleague for a specific item,draft—teacher review required
active-a1-m06-l04,A1,6,4,First words at work,Say when a task or workday starts and ends,Say when a task or workday starts and ends. Use a spoken answer in this setting: a friendly workplace introduction. The partner asks one relevant question at a time.,Say when a task or workday starts and ends. Write for this purpose: a short note to a colleague. Include only the information the reader needs.,arbeiten; basic job nouns; present tense; can/help chunks; du versus Sie as context requires,Introduce a fictional role and ask a new colleague for a specific item,draft—teacher review required
active-a1-m07-l01,A1,7,1,At a café and restaurant,Name a food or drink you like,Name a food or drink you like. Use a spoken answer in this setting: a cooperative server asks one question at a time. The partner asks one relevant question at a time.,Name a food or drink you like. Write for this purpose: a short order or message about a meal. Include only the information the reader needs.,möchte; bitte; gern; numbers and prices; kein; no unexplained advanced negotiation,Order a different item from a short new menu and respond to a simple follow-up,draft—teacher review required
active-a1-m07-l02,A1,7,2,At a café and restaurant,Order one drink politely,Order one drink politely. Use a spoken answer in this setting: a cooperative server asks one question at a time. The partner asks one relevant question at a time.,Order one drink politely. Write for this purpose: a short order or message about a meal. Include only the information the reader needs.,möchte; bitte; gern; numbers and prices; kein; no unexplained advanced negotiation,Order a different item from a short new menu and respond to a simple follow-up,draft—teacher review required
active-a1-m07-l03,A1,7,3,At a café and restaurant,Add a simple food preference to an order,Add a simple food preference to an order. Use a spoken answer in this setting: a cooperative server asks one question at a time. The partner asks one relevant question at a time.,Add a simple food preference to an order. Write for this purpose: a short order or message about a meal. Include only the information the reader needs.,möchte; bitte; gern; numbers and prices; kein; no unexplained advanced negotiation,Order a different item from a short new menu and respond to a simple follow-up,draft—teacher review required
active-a1-m07-l04,A1,7,4,At a café and restaurant,Ask for the bill and say thanks,Ask for the bill and say thanks. Use a spoken answer in this setting: a cooperative server asks one question at a time. The partner asks one relevant question at a time.,Ask for the bill and say thanks. Write for this purpose: a short order or message about a meal. Include only the information the reader needs.,möchte; bitte; gern; numbers and prices; kein; no unexplained advanced negotiation,Order a different item from a short new menu and respond to a simple follow-up,draft—teacher review required
active-a1-m08-l01,A1,8,1,Everyday shopping,Name what you need to buy,Name what you need to buy. Use a spoken answer in this setting: a routine shop exchange. The partner asks one relevant question at a time.,Name what you need to buy. Write for this purpose: a shopping request for a housemate. Include only the information the reader needs.,brauchen; simple accusative chunks; numbers; cost/size questions; this one please,Buy unfamiliar supplied items with different quantities and prices,draft—teacher review required
active-a1-m08-l02,A1,8,2,Everyday shopping,Ask how much one item costs,Ask how much one item costs. Use a spoken answer in this setting: a routine shop exchange. The partner asks one relevant question at a time.,Ask how much one item costs. Write for this purpose: a shopping request for a housemate. Include only the information the reader needs.,brauchen; simple accusative chunks; numbers; cost/size questions; this one please,Buy unfamiliar supplied items with different quantities and prices,draft—teacher review required
active-a1-m08-l03,A1,8,3,Everyday shopping,Ask for a quantity or a size,Ask for a quantity or a size. Use a spoken answer in this setting: a routine shop exchange. The partner asks one relevant question at a time.,Ask for a quantity or a size. Write for this purpose: a shopping request for a housemate. Include only the information the reader needs.,brauchen; simple accusative chunks; numbers; cost/size questions; this one please,Buy unfamiliar supplied items with different quantities and prices,draft—teacher review required
active-a1-m08-l04,A1,8,4,Everyday shopping,Choose an item and complete a simple purchase,Choose an item and complete a simple purchase. Use a spoken answer in this setting: a routine shop exchange. The partner asks one relevant question at a time.,Choose an item and complete a simple purchase. Write for this purpose: a shopping request for a housemate. Include only the information the reader needs.,brauchen; simple accusative chunks; numbers; cost/size questions; this one please,Buy unfamiliar supplied items with different quantities and prices,draft—teacher review required
active-a1-m09-l01,A1,9,1,Around town,Ask where a nearby place is,Ask where a nearby place is. Use a spoken answer in this setting: a helpful local or ticket clerk. The partner asks one relevant question at a time.,Ask where a nearby place is. Write for this purpose: a short message explaining where to meet. Include only the information the reader needs.,wo/wohin; links/rechts/geradeaus; nach/zu as chunks; destination and time expressions,Find a different destination on a small map and buy a ticket for a new route,draft—teacher review required
active-a1-m09-l02,A1,9,2,Around town,Understand and give one or two simple directions,Understand and give one or two simple directions. Use a spoken answer in this setting: a helpful local or ticket clerk. The partner asks one relevant question at a time.,Understand and give one or two simple directions. Write for this purpose: a short message explaining where to meet. Include only the information the reader needs.,wo/wohin; links/rechts/geradeaus; nach/zu as chunks; destination and time expressions,Find a different destination on a small map and buy a ticket for a new route,draft—teacher review required
active-a1-m09-l03,A1,9,3,Around town,Ask about a bus or train destination,Ask about a bus or train destination. Use a spoken answer in this setting: a helpful local or ticket clerk. The partner asks one relevant question at a time.,Ask about a bus or train destination. Write for this purpose: a short message explaining where to meet. Include only the information the reader needs.,wo/wohin; links/rechts/geradeaus; nach/zu as chunks; destination and time expressions,Find a different destination on a small map and buy a ticket for a new route,draft—teacher review required
active-a1-m09-l04,A1,9,4,Around town,Buy a simple ticket using supplied details,Buy a simple ticket using supplied details. Use a spoken answer in this setting: a helpful local or ticket clerk. The partner asks one relevant question at a time.,Buy a simple ticket using supplied details. Write for this purpose: a short message explaining where to meet. Include only the information the reader needs.,wo/wohin; links/rechts/geradeaus; nach/zu as chunks; destination and time expressions,Find a different destination on a small map and buy a ticket for a new route,draft—teacher review required
active-a1-m10-l01,A1,10,1,A small trip,Say where and when you are travelling,Say where and when you are travelling. Use a spoken answer in this setting: a routine check-in with a helpful receptionist. The partner asks one relevant question at a time.,Say where and when you are travelling. Write for this purpose: a short travel message or accommodation note. Include only the information the reader needs.,present for future with time; reservation/name chunks; breakfast/Wi-Fi questions,Check in with fictional booking details and ask a different practical question,draft—teacher review required
active-a1-m10-l02,A1,10,2,A small trip,Give your name at a hotel or hostel,Give your name at a hotel or hostel. Use a spoken answer in this setting: a routine check-in with a helpful receptionist. The partner asks one relevant question at a time.,Give your name at a hotel or hostel. Write for this purpose: a short travel message or accommodation note. Include only the information the reader needs.,present for future with time; reservation/name chunks; breakfast/Wi-Fi questions,Check in with fictional booking details and ask a different practical question,draft—teacher review required
active-a1-m10-l03,A1,10,3,A small trip,Ask one practical question about your stay,Ask one practical question about your stay. Use a spoken answer in this setting: a routine check-in with a helpful receptionist. The partner asks one relevant question at a time.,Ask one practical question about your stay. Write for this purpose: a short travel message or accommodation note. Include only the information the reader needs.,present for future with time; reservation/name chunks; breakfast/Wi-Fi questions,Check in with fictional booking details and ask a different practical question,draft—teacher review required
active-a1-m10-l04,A1,10,4,A small trip,Send a short message from your trip,Send a short message from your trip. Use a spoken answer in this setting: a routine check-in with a helpful receptionist. The partner asks one relevant question at a time.,Send a short message from your trip. Write for this purpose: a short travel message or accommodation note. Include only the information the reader needs.,present for future with time; reservation/name chunks; breakfast/Wi-Fi questions,Check in with fictional booking details and ask a different practical question,draft—teacher review required
active-a1-m11-l01,A1,11,1,Feeling well and asking for help,Say how you feel today,Say how you feel today. Use a spoken answer in this setting: a basic receptionist or pharmacy exchange. The partner asks one relevant question at a time.,Say how you feel today. Write for this purpose: a brief absence or appointment note. Include only the information the reader needs.,mir geht es; ich habe; body/symptom chunks; date/time; no diagnosis tasks,Use a fictional symptom and schedule to request a suitable appointment,draft—teacher review required
active-a1-m11-l02,A1,11,2,Feeling well and asking for help,Name a simple symptom or immediate need,Name a simple symptom or immediate need. Use a spoken answer in this setting: a basic receptionist or pharmacy exchange. The partner asks one relevant question at a time.,Name a simple symptom or immediate need. Write for this purpose: a brief absence or appointment note. Include only the information the reader needs.,mir geht es; ich habe; body/symptom chunks; date/time; no diagnosis tasks,Use a fictional symptom and schedule to request a suitable appointment,draft—teacher review required
active-a1-m11-l03,A1,11,3,Feeling well and asking for help,Ask for a routine appointment time,Ask for a routine appointment time. Use a spoken answer in this setting: a basic receptionist or pharmacy exchange. The partner asks one relevant question at a time.,Ask for a routine appointment time. Write for this purpose: a brief absence or appointment note. Include only the information the reader needs.,mir geht es; ich habe; body/symptom chunks; date/time; no diagnosis tasks,Use a fictional symptom and schedule to request a suitable appointment,draft—teacher review required
active-a1-m11-l04,A1,11,4,Feeling well and asking for help,Tell someone you are ill and cannot come,Tell someone you are ill and cannot come. Use a spoken answer in this setting: a basic receptionist or pharmacy exchange. The partner asks one relevant question at a time.,Tell someone you are ill and cannot come. Write for this purpose: a brief absence or appointment note. Include only the information the reader needs.,mir geht es; ich habe; body/symptom chunks; date/time; no diagnosis tasks,Use a fictional symptom and schedule to request a suitable appointment,draft—teacher review required
active-a1-m12-l01,A1,12,1,"Friends, hobbies and simple plans",Say what you like doing in your free time,Say what you like doing in your free time. Use a spoken answer in this setting: a familiar social plan with a supportive friend. The partner asks one relevant question at a time.,Say what you like doing in your free time. Write for this purpose: a short invitation and reply. Include only the information the reader needs.,gern; möchte/kann; und/aber; invitations; polite no; simple meeting expressions,Plan a different activity from two supplied choices with a new availability card,draft—teacher review required
active-a1-m12-l02,A1,12,2,"Friends, hobbies and simple plans",Invite a friend to a familiar activity,Invite a friend to a familiar activity. Use a spoken answer in this setting: a familiar social plan with a supportive friend. The partner asks one relevant question at a time.,Invite a friend to a familiar activity. Write for this purpose: a short invitation and reply. Include only the information the reader needs.,gern; möchte/kann; und/aber; invitations; polite no; simple meeting expressions,Plan a different activity from two supplied choices with a new availability card,draft—teacher review required
active-a1-m12-l03,A1,12,3,"Friends, hobbies and simple plans",Accept or politely decline a simple invitation,Accept or politely decline a simple invitation. Use a spoken answer in this setting: a familiar social plan with a supportive friend. The partner asks one relevant question at a time.,Accept or politely decline a simple invitation. Write for this purpose: a short invitation and reply. Include only the information the reader needs.,gern; möchte/kann; und/aber; invitations; polite no; simple meeting expressions,Plan a different activity from two supplied choices with a new availability card,draft—teacher review required
active-a1-m12-l04,A1,12,4,"Friends, hobbies and simple plans","Agree on a day, time and place","Agree on a day, time and place. Use a spoken answer in this setting: a familiar social plan with a supportive friend. The partner asks one relevant question at a time.","Agree on a day, time and place. Write for this purpose: a short invitation and reply. Include only the information the reader needs.",gern; möchte/kann; und/aber; invitations; polite no; simple meeting expressions,Plan a different activity from two supplied choices with a new availability card,draft—teacher review required
active-a2-m01-l01,A2,1,1,People and recent experiences,Describe a person beyond basic identity,Describe a person beyond basic identity. Use a spoken answer in this setting: a conversation about a familiar event. The partner asks one relevant question at a time.,Describe a person beyond basic identity. Write for this purpose: a short personal update. Include only the information the reader needs.,A1 identity/routines; introduce or refresh high-frequency Perfekt; time sequence; simple reasons,Discuss a different recent event with information you have not rehearsed,draft—teacher review required
active-a2-m01-l02,A2,1,2,People and recent experiences,Tell a friend about a recent family or social event,Tell a friend about a recent family or social event. Use a spoken answer in this setting: a conversation about a familiar event. The partner asks one relevant question at a time.,Tell a friend about a recent family or social event. Write for this purpose: a short personal update. Include only the information the reader needs.,A1 identity/routines; introduce or refresh high-frequency Perfekt; time sequence; simple reasons,Discuss a different recent event with information you have not rehearsed,draft—teacher review required
active-a2-m01-l03,A2,1,3,People and recent experiences,Explain a small change in your routine,Explain a small change in your routine. Use a spoken answer in this setting: a conversation about a familiar event. The partner asks one relevant question at a time.,Explain a small change in your routine. Write for this purpose: a short personal update. Include only the information the reader needs.,A1 identity/routines; introduce or refresh high-frequency Perfekt; time sequence; simple reasons,Discuss a different recent event with information you have not rehearsed,draft—teacher review required
active-a2-m01-l04,A2,1,4,People and recent experiences,Ask follow-up questions about another person’s experience,Ask follow-up questions about another person’s experience. Use a spoken answer in this setting: a conversation about a familiar event. The partner asks one relevant question at a time.,Ask follow-up questions about another person’s experience. Write for this purpose: a short personal update. Include only the information the reader needs.,A1 identity/routines; introduce or refresh high-frequency Perfekt; time sequence; simple reasons,Discuss a different recent event with information you have not rehearsed,draft—teacher review required
active-a2-m02-l01,A2,2,1,Living together,Describe what you need in a home,Describe what you need in a home. Use a spoken answer in this setting: a routine household discussion. The partner asks one relevant question at a time.,Describe what you need in a home. Write for this purpose: a practical message to a housemate or landlord. Include only the information the reader needs.,location/destination phrases; comparisons; modal verbs; request chunks,Choose a different room and resolve a new routine household issue,draft—teacher review required
active-a2-m02-l02,A2,2,2,Living together,Compare two simple accommodation options,Compare two simple accommodation options. Use a spoken answer in this setting: a routine household discussion. The partner asks one relevant question at a time.,Compare two simple accommodation options. Write for this purpose: a practical message to a housemate or landlord. Include only the information the reader needs.,location/destination phrases; comparisons; modal verbs; request chunks,Choose a different room and resolve a new routine household issue,draft—teacher review required
active-a2-m02-l03,A2,2,3,Living together,Explain a routine household problem,Explain a routine household problem. Use a spoken answer in this setting: a routine household discussion. The partner asks one relevant question at a time.,Explain a routine household problem. Write for this purpose: a practical message to a housemate or landlord. Include only the information the reader needs.,location/destination phrases; comparisons; modal verbs; request chunks,Choose a different room and resolve a new routine household issue,draft—teacher review required
active-a2-m02-l04,A2,2,4,Living together,Agree on a shared chore or house rule,Agree on a shared chore or house rule. Use a spoken answer in this setting: a routine household discussion. The partner asks one relevant question at a time.,Agree on a shared chore or house rule. Write for this purpose: a practical message to a housemate or landlord. Include only the information the reader needs.,location/destination phrases; comparisons; modal verbs; request chunks,Choose a different room and resolve a new routine household issue,draft—teacher review required
active-a2-m03-l01,A2,3,1,"School, college and learning",Explain your study schedule and learning habits,Explain your study schedule and learning habits. Use a spoken answer in this setting: a study or course-information exchange. The partner asks one relevant question at a time.,Explain your study schedule and learning habits. Write for this purpose: a practical email to a classmate or teacher. Include only the information the reader needs.,question forms; learning vocabulary; past/time; weil; polite requests,Respond to a new timetable and an unclear assignment instruction,draft—teacher review required
active-a2-m03-l02,A2,3,2,"School, college and learning",Ask a teacher to explain an instruction,Ask a teacher to explain an instruction. Use a spoken answer in this setting: a study or course-information exchange. The partner asks one relevant question at a time.,Ask a teacher to explain an instruction. Write for this purpose: a practical email to a classmate or teacher. Include only the information the reader needs.,question forms; learning vocabulary; past/time; weil; polite requests,Respond to a new timetable and an unclear assignment instruction,draft—teacher review required
active-a2-m03-l03,A2,3,3,"School, college and learning",Arrange a small study session,Arrange a small study session. Use a spoken answer in this setting: a study or course-information exchange. The partner asks one relevant question at a time.,Arrange a small study session. Write for this purpose: a practical email to a classmate or teacher. Include only the information the reader needs.,question forms; learning vocabulary; past/time; weil; polite requests,Respond to a new timetable and an unclear assignment instruction,draft—teacher review required
active-a2-m03-l04,A2,3,4,"School, college and learning",Explain a missed class and ask what to catch up on,Explain a missed class and ask what to catch up on. Use a spoken answer in this setting: a study or course-information exchange. The partner asks one relevant question at a time.,Explain a missed class and ask what to catch up on. Write for this purpose: a practical email to a classmate or teacher. Include only the information the reader needs.,question forms; learning vocabulary; past/time; weil; polite requests,Respond to a new timetable and an unclear assignment instruction,draft—teacher review required
active-a2-m04-l01,A2,4,1,Everyday office communication,Describe what you are working on,Describe what you are working on. Use a spoken answer in this setting: a routine colleague exchange. The partner asks one relevant question at a time.,Describe what you are working on. Write for this purpose: a concise workplace update. Include only the information the reader needs.,present/Perfekt; basic sequencing; dative/accusative chunks; reasons; time estimates,Update a different task when one resource is missing,draft—teacher review required
active-a2-m04-l02,A2,4,2,Everyday office communication,Ask a colleague for information or assistance,Ask a colleague for information or assistance. Use a spoken answer in this setting: a routine colleague exchange. The partner asks one relevant question at a time.,Ask a colleague for information or assistance. Write for this purpose: a concise workplace update. Include only the information the reader needs.,present/Perfekt; basic sequencing; dative/accusative chunks; reasons; time estimates,Update a different task when one resource is missing,draft—teacher review required
active-a2-m04-l03,A2,4,3,Everyday office communication,Give a short progress update,Give a short progress update. Use a spoken answer in this setting: a routine colleague exchange. The partner asks one relevant question at a time.,Give a short progress update. Write for this purpose: a concise workplace update. Include only the information the reader needs.,present/Perfekt; basic sequencing; dative/accusative chunks; reasons; time estimates,Update a different task when one resource is missing,draft—teacher review required
active-a2-m04-l04,A2,4,4,Everyday office communication,Explain a delay and suggest a realistic next time,Explain a delay and suggest a realistic next time. Use a spoken answer in this setting: a routine colleague exchange. The partner asks one relevant question at a time.,Explain a delay and suggest a realistic next time. Write for this purpose: a concise workplace update. Include only the information the reader needs.,present/Perfekt; basic sequencing; dative/accusative chunks; reasons; time estimates,Update a different task when one resource is missing,draft—teacher review required
active-a2-m05-l01,A2,5,1,Eating out with preferences,Ask about menu ingredients,Ask about menu ingredients. Use a spoken answer in this setting: a routine restaurant exchange with one change. The partner asks one relevant question at a time.,Ask about menu ingredients. Write for this purpose: a reservation or meal-planning message. Include only the information the reader needs.,food vocabulary; polite questions; negation; comparisons; conditional request chunks,Order from another menu and handle a different unavailable item; never assess medical safety,draft—teacher review required
active-a2-m05-l02,A2,5,2,Eating out with preferences,Explain a food preference or dietary restriction,Explain a food preference or dietary restriction. Use a spoken answer in this setting: a routine restaurant exchange with one change. The partner asks one relevant question at a time.,Explain a food preference or dietary restriction. Write for this purpose: a reservation or meal-planning message. Include only the information the reader needs.,food vocabulary; polite questions; negation; comparisons; conditional request chunks,Order from another menu and handle a different unavailable item; never assess medical safety,draft—teacher review required
active-a2-m05-l03,A2,5,3,Eating out with preferences,Correct a simple mistake in an order,Correct a simple mistake in an order. Use a spoken answer in this setting: a routine restaurant exchange with one change. The partner asks one relevant question at a time.,Correct a simple mistake in an order. Write for this purpose: a reservation or meal-planning message. Include only the information the reader needs.,food vocabulary; polite questions; negation; comparisons; conditional request chunks,Order from another menu and handle a different unavailable item; never assess medical safety,draft—teacher review required
active-a2-m05-l04,A2,5,4,Eating out with preferences,Arrange a meal with friends,Arrange a meal with friends. Use a spoken answer in this setting: a routine restaurant exchange with one change. The partner asks one relevant question at a time.,Arrange a meal with friends. Write for this purpose: a reservation or meal-planning message. Include only the information the reader needs.,food vocabulary; polite questions; negation; comparisons; conditional request chunks,Order from another menu and handle a different unavailable item; never assess medical safety,draft—teacher review required
active-a2-m06-l01,A2,6,1,Shopping and everyday services,Compare products and explain a preference,Compare products and explain a preference. Use a spoken answer in this setting: a shop or service-desk conversation. The partner asks one relevant question at a time.,Compare products and explain a preference. Write for this purpose: a short customer-service request. Include only the information the reader needs.,adjective descriptions; comparisons; past purchase; reason/request phrases,Explain a different item problem using new receipt and delivery details,draft—teacher review required
active-a2-m06-l02,A2,6,2,Shopping and everyday services,Ask to exchange an item,Ask to exchange an item. Use a spoken answer in this setting: a shop or service-desk conversation. The partner asks one relevant question at a time.,Ask to exchange an item. Write for this purpose: a short customer-service request. Include only the information the reader needs.,adjective descriptions; comparisons; past purchase; reason/request phrases,Explain a different item problem using new receipt and delivery details,draft—teacher review required
active-a2-m06-l03,A2,6,3,Shopping and everyday services,Explain a straightforward delivery problem,Explain a straightforward delivery problem. Use a spoken answer in this setting: a shop or service-desk conversation. The partner asks one relevant question at a time.,Explain a straightforward delivery problem. Write for this purpose: a short customer-service request. Include only the information the reader needs.,adjective descriptions; comparisons; past purchase; reason/request phrases,Explain a different item problem using new receipt and delivery details,draft—teacher review required
active-a2-m06-l04,A2,6,4,Shopping and everyday services,Arrange a repair or service time,Arrange a repair or service time. Use a spoken answer in this setting: a shop or service-desk conversation. The partner asks one relevant question at a time.,Arrange a repair or service time. Write for this purpose: a short customer-service request. Include only the information the reader needs.,adjective descriptions; comparisons; past purchase; reason/request phrases,Explain a different item problem using new receipt and delivery details,draft—teacher review required
active-a2-m07-l01,A2,7,1,Travel and accommodation,Ask for travel information,Ask for travel information. Use a spoken answer in this setting: a transport or hotel exchange. The partner asks one relevant question at a time.,Ask for travel information. Write for this purpose: a travel update or accommodation request. Include only the information the reader needs.,travel vocabulary; Perfekt; indirect question chunks; alternative times,Handle a new schedule change and request a suitable alternative,draft—teacher review required
active-a2-m07-l02,A2,7,2,Travel and accommodation,Book or change straightforward accommodation details,Book or change straightforward accommodation details. Use a spoken answer in this setting: a transport or hotel exchange. The partner asks one relevant question at a time.,Book or change straightforward accommodation details. Write for this purpose: a travel update or accommodation request. Include only the information the reader needs.,travel vocabulary; Perfekt; indirect question chunks; alternative times,Handle a new schedule change and request a suitable alternative,draft—teacher review required
active-a2-m07-l03,A2,7,3,Travel and accommodation,Explain a delay during a journey,Explain a delay during a journey. Use a spoken answer in this setting: a transport or hotel exchange. The partner asks one relevant question at a time.,Explain a delay during a journey. Write for this purpose: a travel update or accommodation request. Include only the information the reader needs.,travel vocabulary; Perfekt; indirect question chunks; alternative times,Handle a new schedule change and request a suitable alternative,draft—teacher review required
active-a2-m07-l04,A2,7,4,Travel and accommodation,Describe a recent trip and give a simple recommendation,Describe a recent trip and give a simple recommendation. Use a spoken answer in this setting: a transport or hotel exchange. The partner asks one relevant question at a time.,Describe a recent trip and give a simple recommendation. Write for this purpose: a travel update or accommodation request. Include only the information the reader needs.,travel vocabulary; Perfekt; indirect question chunks; alternative times,Handle a new schedule change and request a suitable alternative,draft—teacher review required
active-a2-m08-l01,A2,8,1,Health and daily wellbeing,Describe symptoms and how long they have lasted,Describe symptoms and how long they have lasted. Use a spoken answer in this setting: a receptionist or simulated everyday health exchange. The partner asks one relevant question at a time.,Describe symptoms and how long they have lasted. Write for this purpose: a brief appointment or absence email. Include only the information the reader needs.,seit; symptom vocabulary; time/reason; polite clarification; no medical advice,Explain a different fictional situation and clarify an unfamiliar appointment instruction,draft—teacher review required
active-a2-m08-l02,A2,8,2,Health and daily wellbeing,Arrange or change a routine appointment,Arrange or change a routine appointment. Use a spoken answer in this setting: a receptionist or simulated everyday health exchange. The partner asks one relevant question at a time.,Arrange or change a routine appointment. Write for this purpose: a brief appointment or absence email. Include only the information the reader needs.,seit; symptom vocabulary; time/reason; polite clarification; no medical advice,Explain a different fictional situation and clarify an unfamiliar appointment instruction,draft—teacher review required
active-a2-m08-l03,A2,8,3,Health and daily wellbeing,Explain a simple health-related absence,Explain a simple health-related absence. Use a spoken answer in this setting: a receptionist or simulated everyday health exchange. The partner asks one relevant question at a time.,Explain a simple health-related absence. Write for this purpose: a brief appointment or absence email. Include only the information the reader needs.,seit; symptom vocabulary; time/reason; polite clarification; no medical advice,Explain a different fictional situation and clarify an unfamiliar appointment instruction,draft—teacher review required
active-a2-m08-l04,A2,8,4,Health and daily wellbeing,Ask for repetition or clarification of everyday instructions,Ask for repetition or clarification of everyday instructions. Use a spoken answer in this setting: a receptionist or simulated everyday health exchange. The partner asks one relevant question at a time.,Ask for repetition or clarification of everyday instructions. Write for this purpose: a brief appointment or absence email. Include only the information the reader needs.,seit; symptom vocabulary; time/reason; polite clarification; no medical advice,Explain a different fictional situation and clarify an unfamiliar appointment instruction,draft—teacher review required
active-a2-m09-l01,A2,9,1,Appointments and practical administration,Ask what information a routine form needs,Ask what information a routine form needs. Use a spoken answer in this setting: a routine office reception exchange. The partner asks one relevant question at a time.,Ask what information a routine form needs. Write for this purpose: a short formal appointment message. Include only the information the reader needs.,formal Sie; personal details; dates; weil; question clauses as supported chunks,Arrange a new service appointment with different availability and required documents,draft—teacher review required
active-a2-m09-l02,A2,9,2,Appointments and practical administration,Request an appointment with a service office,Request an appointment with a service office. Use a spoken answer in this setting: a routine office reception exchange. The partner asks one relevant question at a time.,Request an appointment with a service office. Write for this purpose: a short formal appointment message. Include only the information the reader needs.,formal Sie; personal details; dates; weil; question clauses as supported chunks,Arrange a new service appointment with different availability and required documents,draft—teacher review required
active-a2-m09-l03,A2,9,3,Appointments and practical administration,Explain why you need to change an arrangement,Explain why you need to change an arrangement. Use a spoken answer in this setting: a routine office reception exchange. The partner asks one relevant question at a time.,Explain why you need to change an arrangement. Write for this purpose: a short formal appointment message. Include only the information the reader needs.,formal Sie; personal details; dates; weil; question clauses as supported chunks,Arrange a new service appointment with different availability and required documents,draft—teacher review required
active-a2-m09-l04,A2,9,4,Appointments and practical administration,Confirm the agreed details in writing,Confirm the agreed details in writing. Use a spoken answer in this setting: a routine office reception exchange. The partner asks one relevant question at a time.,Confirm the agreed details in writing. Write for this purpose: a short formal appointment message. Include only the information the reader needs.,formal Sie; personal details; dates; weil; question clauses as supported chunks,Arrange a new service appointment with different availability and required documents,draft—teacher review required
active-a2-m10-l01,A2,10,1,Social life and culture,Describe an event you enjoyed,Describe an event you enjoyed. Use a spoken answer in this setting: a familiar social-planning conversation. The partner asks one relevant question at a time.,"Describe an event you enjoyed. Write for this purpose: an invitation, reply or event recommendation. Include only the information the reader needs.",experience language; comparisons; reasons; agreeing/disagreeing politely,Plan a new activity when your partner rejects the first suggestion,draft—teacher review required
active-a2-m10-l02,A2,10,2,Social life and culture,Make and respond to an invitation,Make and respond to an invitation. Use a spoken answer in this setting: a familiar social-planning conversation. The partner asks one relevant question at a time.,"Make and respond to an invitation. Write for this purpose: an invitation, reply or event recommendation. Include only the information the reader needs.",experience language; comparisons; reasons; agreeing/disagreeing politely,Plan a new activity when your partner rejects the first suggestion,draft—teacher review required
active-a2-m10-l03,A2,10,3,Social life and culture,Compare two leisure plans,Compare two leisure plans. Use a spoken answer in this setting: a familiar social-planning conversation. The partner asks one relevant question at a time.,"Compare two leisure plans. Write for this purpose: an invitation, reply or event recommendation. Include only the information the reader needs.",experience language; comparisons; reasons; agreeing/disagreeing politely,Plan a new activity when your partner rejects the first suggestion,draft—teacher review required
active-a2-m10-l04,A2,10,4,Social life and culture,Resolve a simple disagreement about time or activity,Resolve a simple disagreement about time or activity. Use a spoken answer in this setting: a familiar social-planning conversation. The partner asks one relevant question at a time.,"Resolve a simple disagreement about time or activity. Write for this purpose: an invitation, reply or event recommendation. Include only the information the reader needs.",experience language; comparisons; reasons; agreeing/disagreeing politely,Plan a new activity when your partner rejects the first suggestion,draft—teacher review required
active-a2-m11-l01,A2,11,1,Digital life and money basics,Explain a simple problem using an app or device,Explain a simple problem using an app or device. Use a spoken answer in this setting: a routine support or household-budget exchange. The partner asks one relevant question at a time.,Explain a simple problem using an app or device. Write for this purpose: a support message or everyday money note. Include only the information the reader needs.,problem descriptions; sequence; numbers; help requests; paraphrasing essential details,Use a new fictional order/account problem without real credentials or financial advice,draft—teacher review required
active-a2-m11-l02,A2,11,2,Digital life and money basics,Ask for help with an online order or account,Ask for help with an online order or account. Use a spoken answer in this setting: a routine support or household-budget exchange. The partner asks one relevant question at a time.,Ask for help with an online order or account. Write for this purpose: a support message or everyday money note. Include only the information the reader needs.,problem descriptions; sequence; numbers; help requests; paraphrasing essential details,Use a new fictional order/account problem without real credentials or financial advice,draft—teacher review required
active-a2-m11-l03,A2,11,3,Digital life and money basics,Discuss a familiar purchase within a budget,Discuss a familiar purchase within a budget. Use a spoken answer in this setting: a routine support or household-budget exchange. The partner asks one relevant question at a time.,Discuss a familiar purchase within a budget. Write for this purpose: a support message or everyday money note. Include only the information the reader needs.,problem descriptions; sequence; numbers; help requests; paraphrasing essential details,Use a new fictional order/account problem without real credentials or financial advice,draft—teacher review required
active-a2-m11-l04,A2,11,4,Digital life and money basics,Pass on a short practical message accurately,Pass on a short practical message accurately. Use a spoken answer in this setting: a routine support or household-budget exchange. The partner asks one relevant question at a time.,Pass on a short practical message accurately. Write for this purpose: a support message or everyday money note. Include only the information the reader needs.,problem descriptions; sequence; numbers; help requests; paraphrasing essential details,Use a new fictional order/account problem without real credentials or financial advice,draft—teacher review required
active-a2-m12-l01,A2,12,1,Community and a busy week,Ask about a local club or volunteer activity,Ask about a local club or volunteer activity. Use a spoken answer in this setting: a routine collaborative planning exchange. The partner asks one relevant question at a time.,Ask about a local club or volunteer activity. Write for this purpose: a short group-planning message. Include only the information the reader needs.,purpose chunks; modals; object references; deshalb/aber; no advanced civic debate,Plan a different local activity and pass on a late change to someone else,draft—teacher review required
active-a2-m12-l02,A2,12,2,Community and a busy week,Explain how you can help with a small event,Explain how you can help with a small event. Use a spoken answer in this setting: a routine collaborative planning exchange. The partner asks one relevant question at a time.,Explain how you can help with a small event. Write for this purpose: a short group-planning message. Include only the information the reader needs.,purpose chunks; modals; object references; deshalb/aber; no advanced civic debate,Plan a different local activity and pass on a late change to someone else,draft—teacher review required
active-a2-m12-l03,A2,12,3,Community and a busy week,Coordinate who brings or does what,Coordinate who brings or does what. Use a spoken answer in this setting: a routine collaborative planning exchange. The partner asks one relevant question at a time.,Coordinate who brings or does what. Write for this purpose: a short group-planning message. Include only the information the reader needs.,purpose chunks; modals; object references; deshalb/aber; no advanced civic debate,Plan a different local activity and pass on a late change to someone else,draft—teacher review required
active-a2-m12-l04,A2,12,4,Community and a busy week,Give a connected update when one arrangement changes,Give a connected update when one arrangement changes. Use a spoken answer in this setting: a routine collaborative planning exchange. The partner asks one relevant question at a time.,Give a connected update when one arrangement changes. Write for this purpose: a short group-planning message. Include only the information the reader needs.,purpose chunks; modals; object references; deshalb/aber; no advanced civic debate,Plan a different local activity and pass on a late change to someone else,draft—teacher review required
active-b1-m01-l01,B1,1,1,Relationships and personal stories,Tell a connected story about an important experience,Tell a connected story about an important experience. Use a spoken answer in this setting: a familiar conversation with an unprepared follow-up. The partner asks one relevant question at a time.,Tell a connected story about an important experience. Write for this purpose: a connected personal email. Include only the information the reader needs.,connected past narration; reasons; comparisons; polite advice; no required intimate disclosure,Discuss an unfamiliar personal-choice scenario and explain your reasoning,draft—teacher review required
active-b1-m01-l02,B1,1,2,Relationships and personal stories,Explain how a relationship or routine has changed,Explain how a relationship or routine has changed. Use a spoken answer in this setting: a familiar conversation with an unprepared follow-up. The partner asks one relevant question at a time.,Explain how a relationship or routine has changed. Write for this purpose: a connected personal email. Include only the information the reader needs.,connected past narration; reasons; comparisons; polite advice; no required intimate disclosure,Discuss an unfamiliar personal-choice scenario and explain your reasoning,draft—teacher review required
active-b1-m01-l03,B1,1,3,Relationships and personal stories,Give a friend practical advice with reasons,Give a friend practical advice with reasons. Use a spoken answer in this setting: a familiar conversation with an unprepared follow-up. The partner asks one relevant question at a time.,Give a friend practical advice with reasons. Write for this purpose: a connected personal email. Include only the information the reader needs.,connected past narration; reasons; comparisons; polite advice; no required intimate disclosure,Discuss an unfamiliar personal-choice scenario and explain your reasoning,draft—teacher review required
active-b1-m01-l04,B1,1,4,Relationships and personal stories,Discuss two viewpoints on a familiar personal choice,Discuss two viewpoints on a familiar personal choice. Use a spoken answer in this setting: a familiar conversation with an unprepared follow-up. The partner asks one relevant question at a time.,Discuss two viewpoints on a familiar personal choice. Write for this purpose: a connected personal email. Include only the information the reader needs.,connected past narration; reasons; comparisons; polite advice; no required intimate disclosure,Discuss an unfamiliar personal-choice scenario and explain your reasoning,draft—teacher review required
active-b1-m02-l01,B1,2,1,Housing and neighbourhood life,Explain a housing problem with relevant detail,Explain a housing problem with relevant detail. Use a spoken answer in this setting: a familiar housing or neighbour negotiation. The partner asks one relevant question at a time.,Explain a housing problem with relevant detail. Write for this purpose: a reasoned housing request. Include only the information the reader needs.,precise descriptions; relative clauses when useful; polite requests; compromise language,Resolve a different housing issue when the first proposed solution is unsuitable,draft—teacher review required
active-b1-m02-l02,B1,2,2,Housing and neighbourhood life,Compare housing choices against several needs,Compare housing choices against several needs. Use a spoken answer in this setting: a familiar housing or neighbour negotiation. The partner asks one relevant question at a time.,Compare housing choices against several needs. Write for this purpose: a reasoned housing request. Include only the information the reader needs.,precise descriptions; relative clauses when useful; polite requests; compromise language,Resolve a different housing issue when the first proposed solution is unsuitable,draft—teacher review required
active-b1-m02-l03,B1,2,3,Housing and neighbourhood life,Negotiate a practical household compromise,Negotiate a practical household compromise. Use a spoken answer in this setting: a familiar housing or neighbour negotiation. The partner asks one relevant question at a time.,Negotiate a practical household compromise. Write for this purpose: a reasoned housing request. Include only the information the reader needs.,precise descriptions; relative clauses when useful; polite requests; compromise language,Resolve a different housing issue when the first proposed solution is unsuitable,draft—teacher review required
active-b1-m02-l04,B1,2,4,Housing and neighbourhood life,Write a clear request to a landlord or housing contact,Write a clear request to a landlord or housing contact. Use a spoken answer in this setting: a familiar housing or neighbour negotiation. The partner asks one relevant question at a time.,Write a clear request to a landlord or housing contact. Write for this purpose: a reasoned housing request. Include only the information the reader needs.,precise descriptions; relative clauses when useful; polite requests; compromise language,Resolve a different housing issue when the first proposed solution is unsuitable,draft—teacher review required
active-b1-m03-l01,B1,3,1,"School, college and future study",Explain a learning goal and how you plan to reach it,Explain a learning goal and how you plan to reach it. Use a spoken answer in this setting: a course-office exchange or short explanation with follow-up. The partner asks one relevant question at a time.,Explain a learning goal and how you plan to reach it. Write for this purpose: a connected course inquiry or reasoned study choice. Include only the information the reader needs.,structured explanation; indirect questions; reasons; basic relative clauses; no academic essay requirement,Explain a new training choice and clarify a changed entry or attendance requirement,draft—teacher review required
active-b1-m03-l02,B1,3,2,"School, college and future study",Ask for clarification of a course requirement,Ask for clarification of a course requirement. Use a spoken answer in this setting: a course-office exchange or short explanation with follow-up. The partner asks one relevant question at a time.,Ask for clarification of a course requirement. Write for this purpose: a connected course inquiry or reasoned study choice. Include only the information the reader needs.,structured explanation; indirect questions; reasons; basic relative clauses; no academic essay requirement,Explain a new training choice and clarify a changed entry or attendance requirement,draft—teacher review required
active-b1-m03-l03,B1,3,3,"School, college and future study",Compare two study or training choices,Compare two study or training choices. Use a spoken answer in this setting: a course-office exchange or short explanation with follow-up. The partner asks one relevant question at a time.,Compare two study or training choices. Write for this purpose: a connected course inquiry or reasoned study choice. Include only the information the reader needs.,structured explanation; indirect questions; reasons; basic relative clauses; no academic essay requirement,Explain a new training choice and clarify a changed entry or attendance requirement,draft—teacher review required
active-b1-m03-l04,B1,3,4,"School, college and future study",Present a familiar study topic and answer questions,Present a familiar study topic and answer questions. Use a spoken answer in this setting: a course-office exchange or short explanation with follow-up. The partner asks one relevant question at a time.,Present a familiar study topic and answer questions. Write for this purpose: a connected course inquiry or reasoned study choice. Include only the information the reader needs.,structured explanation; indirect questions; reasons; basic relative clauses; no academic essay requirement,Explain a new training choice and clarify a changed entry or attendance requirement,draft—teacher review required
active-b1-m04-l01,B1,4,1,Office teamwork,Explain a work process to a new colleague,Explain a work process to a new colleague. Use a spoken answer in this setting: a practical team discussion. The partner asks one relevant question at a time.,Explain a work process to a new colleague. Write for this purpose: a clear workplace update or meeting summary. Include only the information the reader needs.,sequence; cause/consequence; polite disagreement; reference; relevant passive as an option,Handle a different project constraint and write an accurate handover note,draft—teacher review required
active-b1-m04-l02,B1,4,2,Office teamwork,Report a problem and its impact on a familiar task,Report a problem and its impact on a familiar task. Use a spoken answer in this setting: a practical team discussion. The partner asks one relevant question at a time.,Report a problem and its impact on a familiar task. Write for this purpose: a clear workplace update or meeting summary. Include only the information the reader needs.,sequence; cause/consequence; polite disagreement; reference; relevant passive as an option,Handle a different project constraint and write an accurate handover note,draft—teacher review required
active-b1-m04-l03,B1,4,3,Office teamwork,Discuss priorities and negotiate a workable deadline,Discuss priorities and negotiate a workable deadline. Use a spoken answer in this setting: a practical team discussion. The partner asks one relevant question at a time.,Discuss priorities and negotiate a workable deadline. Write for this purpose: a clear workplace update or meeting summary. Include only the information the reader needs.,sequence; cause/consequence; polite disagreement; reference; relevant passive as an option,Handle a different project constraint and write an accurate handover note,draft—teacher review required
active-b1-m04-l04,B1,4,4,Office teamwork,Summarise what the team agreed and who will do what,Summarise what the team agreed and who will do what. Use a spoken answer in this setting: a practical team discussion. The partner asks one relevant question at a time.,Summarise what the team agreed and who will do what. Write for this purpose: a clear workplace update or meeting summary. Include only the information the reader needs.,sequence; cause/consequence; polite disagreement; reference; relevant passive as an option,Handle a different project constraint and write an accurate handover note,draft—teacher review required
active-b1-m05-l01,B1,5,1,Jobs and professional introductions,Describe your relevant experience and strengths,Describe your relevant experience and strengths. Use a spoken answer in this setting: a routine job conversation with follow-up. The partner asks one relevant question at a time.,Describe your relevant experience and strengths. Write for this purpose: a short application or professional introduction. Include only the information the reader needs.,past experience; examples; formal register; strengths with evidence; not specialist professional proficiency,Respond to a different fictional role with new requirements rather than repeat an application script,draft—teacher review required
active-b1-m05-l02,B1,5,2,Jobs and professional introductions,Ask about a role or training opportunity,Ask about a role or training opportunity. Use a spoken answer in this setting: a routine job conversation with follow-up. The partner asks one relevant question at a time.,Ask about a role or training opportunity. Write for this purpose: a short application or professional introduction. Include only the information the reader needs.,past experience; examples; formal register; strengths with evidence; not specialist professional proficiency,Respond to a different fictional role with new requirements rather than repeat an application script,draft—teacher review required
active-b1-m05-l03,B1,5,3,Jobs and professional introductions,Write a simple tailored application message,Write a simple tailored application message. Use a spoken answer in this setting: a routine job conversation with follow-up. The partner asks one relevant question at a time.,Write a simple tailored application message. Write for this purpose: a short application or professional introduction. Include only the information the reader needs.,past experience; examples; formal register; strengths with evidence; not specialist professional proficiency,Respond to a different fictional role with new requirements rather than repeat an application script,draft—teacher review required
active-b1-m05-l04,B1,5,4,Jobs and professional introductions,Answer routine interview questions with examples,Answer routine interview questions with examples. Use a spoken answer in this setting: a routine job conversation with follow-up. The partner asks one relevant question at a time.,Answer routine interview questions with examples. Write for this purpose: a short application or professional introduction. Include only the information the reader needs.,past experience; examples; formal register; strengths with evidence; not specialist professional proficiency,Respond to a different fictional role with new requirements rather than repeat an application script,draft—teacher review required
active-b1-m06-l01,B1,6,1,"Restaurants, hospitality and complaints",Explain a service problem politely,Explain a service problem politely. Use a spoken answer in this setting: a familiar hospitality problem and negotiated solution. The partner asks one relevant question at a time.,Explain a service problem politely. Write for this purpose: a clear complaint or useful review. Include only the information the reader needs.,event sequence; polite requests; reasons; alternatives; preserve meaning about dietary restrictions,Resolve an unfamiliar booking/order mismatch with a practical compromise,draft—teacher review required
active-b1-m06-l02,B1,6,2,"Restaurants, hospitality and complaints",Make a request with relevant dietary or group needs,Make a request with relevant dietary or group needs. Use a spoken answer in this setting: a familiar hospitality problem and negotiated solution. The partner asks one relevant question at a time.,Make a request with relevant dietary or group needs. Write for this purpose: a clear complaint or useful review. Include only the information the reader needs.,event sequence; polite requests; reasons; alternatives; preserve meaning about dietary restrictions,Resolve an unfamiliar booking/order mismatch with a practical compromise,draft—teacher review required
active-b1-m06-l03,B1,6,3,"Restaurants, hospitality and complaints",Respond when the first proposed solution is not suitable,Respond when the first proposed solution is not suitable. Use a spoken answer in this setting: a familiar hospitality problem and negotiated solution. The partner asks one relevant question at a time.,Respond when the first proposed solution is not suitable. Write for this purpose: a clear complaint or useful review. Include only the information the reader needs.,event sequence; polite requests; reasons; alternatives; preserve meaning about dietary restrictions,Resolve an unfamiliar booking/order mismatch with a practical compromise,draft—teacher review required
active-b1-m06-l04,B1,6,4,"Restaurants, hospitality and complaints",Write a balanced account of a service experience,Write a balanced account of a service experience. Use a spoken answer in this setting: a familiar hospitality problem and negotiated solution. The partner asks one relevant question at a time.,Write a balanced account of a service experience. Write for this purpose: a clear complaint or useful review. Include only the information the reader needs.,event sequence; polite requests; reasons; alternatives; preserve meaning about dietary restrictions,Resolve an unfamiliar booking/order mismatch with a practical compromise,draft—teacher review required
active-b1-m07-l01,B1,7,1,"Shopping, services and consumer problems",Explain a product fault and what you already tried,Explain a product fault and what you already tried. Use a spoken answer in this setting: a familiar service negotiation. The partner asks one relevant question at a time.,Explain a product fault and what you already tried. Write for this purpose: a structured customer-service message. Include only the information the reader needs.,specific descriptions; chronology; conditional requests; clarification; no legal-rights advice,Explain a new fault with different evidence and negotiate a different remedy,draft—teacher review required
active-b1-m07-l02,B1,7,2,"Shopping, services and consumer problems",Ask about a refund or replacement clearly,Ask about a refund or replacement clearly. Use a spoken answer in this setting: a familiar service negotiation. The partner asks one relevant question at a time.,Ask about a refund or replacement clearly. Write for this purpose: a structured customer-service message. Include only the information the reader needs.,specific descriptions; chronology; conditional requests; clarification; no legal-rights advice,Explain a new fault with different evidence and negotiate a different remedy,draft—teacher review required
active-b1-m07-l03,B1,7,3,"Shopping, services and consumer problems",Compare two proposed service solutions,Compare two proposed service solutions. Use a spoken answer in this setting: a familiar service negotiation. The partner asks one relevant question at a time.,Compare two proposed service solutions. Write for this purpose: a structured customer-service message. Include only the information the reader needs.,specific descriptions; chronology; conditional requests; clarification; no legal-rights advice,Explain a new fault with different evidence and negotiate a different remedy,draft—teacher review required
active-b1-m07-l04,B1,7,4,"Shopping, services and consumer problems",Write a factual follow-up documenting an agreement,Write a factual follow-up documenting an agreement. Use a spoken answer in this setting: a familiar service negotiation. The partner asks one relevant question at a time.,Write a factual follow-up documenting an agreement. Write for this purpose: a structured customer-service message. Include only the information the reader needs.,specific descriptions; chronology; conditional requests; clarification; no legal-rights advice,Explain a new fault with different evidence and negotiate a different remedy,draft—teacher review required
active-b1-m08-l01,B1,8,1,Travel when plans change,Explain a disrupted journey in sequence,Explain a disrupted journey in sequence. Use a spoken answer in this setting: a travel exchange with an unexpected but familiar problem. The partner asks one relevant question at a time.,Explain a disrupted journey in sequence. Write for this purpose: a connected travel account or practical complaint. Include only the information the reader needs.,narration; comparison; reasoned choice; repair strategies; everyday travel limits,"Handle an unseen route disruption, clarify an alternative and communicate the new plan",draft—teacher review required
active-b1-m08-l02,B1,8,2,Travel when plans change,Ask for and evaluate alternative travel plans,Ask for and evaluate alternative travel plans. Use a spoken answer in this setting: a travel exchange with an unexpected but familiar problem. The partner asks one relevant question at a time.,Ask for and evaluate alternative travel plans. Write for this purpose: a connected travel account or practical complaint. Include only the information the reader needs.,narration; comparison; reasoned choice; repair strategies; everyday travel limits,"Handle an unseen route disruption, clarify an alternative and communicate the new plan",draft—teacher review required
active-b1-m08-l03,B1,8,3,Travel when plans change,Resolve an accommodation or booking problem,Resolve an accommodation or booking problem. Use a spoken answer in this setting: a travel exchange with an unexpected but familiar problem. The partner asks one relevant question at a time.,Resolve an accommodation or booking problem. Write for this purpose: a connected travel account or practical complaint. Include only the information the reader needs.,narration; comparison; reasoned choice; repair strategies; everyday travel limits,"Handle an unseen route disruption, clarify an alternative and communicate the new plan",draft—teacher review required
active-b1-m08-l04,B1,8,4,Travel when plans change,Recommend a trip with reasons and practical cautions,Recommend a trip with reasons and practical cautions. Use a spoken answer in this setting: a travel exchange with an unexpected but familiar problem. The partner asks one relevant question at a time.,Recommend a trip with reasons and practical cautions. Write for this purpose: a connected travel account or practical complaint. Include only the information the reader needs.,narration; comparison; reasoned choice; repair strategies; everyday travel limits,"Handle an unseen route disruption, clarify an alternative and communicate the new plan",draft—teacher review required
active-b1-m09-l01,B1,9,1,"Health, appointments and public services",Give a clear account of a familiar problem and relevant history,Give a clear account of a familiar problem and relevant history. Use a spoken answer in this setting: a simulated appointment or public-service exchange. The partner asks one relevant question at a time.,Give a clear account of a familiar problem and relevant history. Write for this purpose: a clear appointment or administrative message. Include only the information the reader needs.,duration; past events; precise questions; paraphrasing; no diagnosis or specialised legal vocabulary,Handle an unfamiliar routine service situation and accurately relay the next steps,draft—teacher review required
active-b1-m09-l02,B1,9,2,"Health, appointments and public services",Clarify information you do not understand,Clarify information you do not understand. Use a spoken answer in this setting: a simulated appointment or public-service exchange. The partner asks one relevant question at a time.,Clarify information you do not understand. Write for this purpose: a clear appointment or administrative message. Include only the information the reader needs.,duration; past events; precise questions; paraphrasing; no diagnosis or specialised legal vocabulary,Handle an unfamiliar routine service situation and accurately relay the next steps,draft—teacher review required
active-b1-m09-l03,B1,9,3,"Health, appointments and public services",Explain a practical constraint and request an alternative,Explain a practical constraint and request an alternative. Use a spoken answer in this setting: a simulated appointment or public-service exchange. The partner asks one relevant question at a time.,Explain a practical constraint and request an alternative. Write for this purpose: a clear appointment or administrative message. Include only the information the reader needs.,duration; past events; precise questions; paraphrasing; no diagnosis or specialised legal vocabulary,Handle an unfamiliar routine service situation and accurately relay the next steps,draft—teacher review required
active-b1-m09-l04,B1,9,4,"Health, appointments and public services",Write an accurate summary or follow-up request,Write an accurate summary or follow-up request. Use a spoken answer in this setting: a simulated appointment or public-service exchange. The partner asks one relevant question at a time.,Write an accurate summary or follow-up request. Write for this purpose: a clear appointment or administrative message. Include only the information the reader needs.,duration; past events; precise questions; paraphrasing; no diagnosis or specialised legal vocabulary,Handle an unfamiliar routine service situation and accurately relay the next steps,draft—teacher review required
active-b1-m10-l01,B1,10,1,"Media, culture and everyday opinions",Summarise the main point of a short familiar text or audio,Summarise the main point of a short familiar text or audio. Use a spoken answer in this setting: a familiar-topic discussion with follow-up. The partner asks one relevant question at a time.,Summarise the main point of a short familiar text or audio. Write for this purpose: a concise opinion or recommendation. Include only the information the reader needs.,cohesion; opinion/reason/example; contrast; source versus own view; no abstract B2 debate,Discuss a new familiar media/culture prompt after a short unseen input,draft—teacher review required
active-b1-m10-l02,B1,10,2,"Media, culture and everyday opinions",State an opinion with reasons and an example,State an opinion with reasons and an example. Use a spoken answer in this setting: a familiar-topic discussion with follow-up. The partner asks one relevant question at a time.,State an opinion with reasons and an example. Write for this purpose: a concise opinion or recommendation. Include only the information the reader needs.,cohesion; opinion/reason/example; contrast; source versus own view; no abstract B2 debate,Discuss a new familiar media/culture prompt after a short unseen input,draft—teacher review required
active-b1-m10-l03,B1,10,3,"Media, culture and everyday opinions",Respond respectfully to a different view,Respond respectfully to a different view. Use a spoken answer in this setting: a familiar-topic discussion with follow-up. The partner asks one relevant question at a time.,Respond respectfully to a different view. Write for this purpose: a concise opinion or recommendation. Include only the information the reader needs.,cohesion; opinion/reason/example; contrast; source versus own view; no abstract B2 debate,Discuss a new familiar media/culture prompt after a short unseen input,draft—teacher review required
active-b1-m10-l04,B1,10,4,"Media, culture and everyday opinions",Write a short connected discussion contribution,Write a short connected discussion contribution. Use a spoken answer in this setting: a familiar-topic discussion with follow-up. The partner asks one relevant question at a time.,Write a short connected discussion contribution. Write for this purpose: a concise opinion or recommendation. Include only the information the reader needs.,cohesion; opinion/reason/example; contrast; source versus own view; no abstract B2 debate,Discuss a new familiar media/culture prompt after a short unseen input,draft—teacher review required
active-b1-m11-l01,B1,11,1,"Community, environment and shared choices",Explain a local everyday problem,Explain a local everyday problem. Use a spoken answer in this setting: a collaborative familiar-topic discussion. The partner asks one relevant question at a time.,Explain a local everyday problem. Write for this purpose: a proposal or practical group summary. Include only the information the reader needs.,purpose; conditions; reasons; negotiation; accessible local issues instead of technical policy,Agree on a different small community plan with a budget or time constraint,draft—teacher review required
active-b1-m11-l02,B1,11,2,"Community, environment and shared choices",Compare realistic ways to improve the situation,Compare realistic ways to improve the situation. Use a spoken answer in this setting: a collaborative familiar-topic discussion. The partner asks one relevant question at a time.,Compare realistic ways to improve the situation. Write for this purpose: a proposal or practical group summary. Include only the information the reader needs.,purpose; conditions; reasons; negotiation; accessible local issues instead of technical policy,Agree on a different small community plan with a budget or time constraint,draft—teacher review required
active-b1-m11-l03,B1,11,3,"Community, environment and shared choices",Plan an activity together and assign responsibilities,Plan an activity together and assign responsibilities. Use a spoken answer in this setting: a collaborative familiar-topic discussion. The partner asks one relevant question at a time.,Plan an activity together and assign responsibilities. Write for this purpose: a proposal or practical group summary. Include only the information the reader needs.,purpose; conditions; reasons; negotiation; accessible local issues instead of technical policy,Agree on a different small community plan with a budget or time constraint,draft—teacher review required
active-b1-m11-l04,B1,11,4,"Community, environment and shared choices",Pass on a decision clearly to someone who was absent,Pass on a decision clearly to someone who was absent. Use a spoken answer in this setting: a collaborative familiar-topic discussion. The partner asks one relevant question at a time.,Pass on a decision clearly to someone who was absent. Write for this purpose: a proposal or practical group summary. Include only the information the reader needs.,purpose; conditions; reasons; negotiation; accessible local issues instead of technical policy,Agree on a different small community plan with a budget or time constraint,draft—teacher review required
active-b1-m12-l01,B1,12,1,Independent real-life communication,Explain a future plan and possible obstacles,Explain a future plan and possible obstacles. Use a spoken answer in this setting: an unfamiliar combination of familiar communicative demands. The partner asks one relevant question at a time.,Explain a future plan and possible obstacles. Write for this purpose: a connected personal or formal message chosen by situation. Include only the information the reader needs.,flexible reuse of A1–B1 resources; communication repair; no new advanced grammar gate,"Complete a fresh mixed-situation assessment across personal, work/study and public domains",draft—teacher review required
active-b1-m12-l02,B1,12,2,Independent real-life communication,Tell an experience and answer unprepared questions,Tell an experience and answer unprepared questions. Use a spoken answer in this setting: an unfamiliar combination of familiar communicative demands. The partner asks one relevant question at a time.,Tell an experience and answer unprepared questions. Write for this purpose: a connected personal or formal message chosen by situation. Include only the information the reader needs.,flexible reuse of A1–B1 resources; communication repair; no new advanced grammar gate,"Complete a fresh mixed-situation assessment across personal, work/study and public domains",draft—teacher review required
active-b1-m12-l03,B1,12,3,Independent real-life communication,Handle a familiar disagreement or misunderstanding,Handle a familiar disagreement or misunderstanding. Use a spoken answer in this setting: an unfamiliar combination of familiar communicative demands. The partner asks one relevant question at a time.,Handle a familiar disagreement or misunderstanding. Write for this purpose: a connected personal or formal message chosen by situation. Include only the information the reader needs.,flexible reuse of A1–B1 resources; communication repair; no new advanced grammar gate,"Complete a fresh mixed-situation assessment across personal, work/study and public domains",draft—teacher review required
active-b1-m12-l04,B1,12,4,Independent real-life communication,"Combine planning, problem-solving and a clear follow-up message","Combine planning, problem-solving and a clear follow-up message. Use a spoken answer in this setting: an unfamiliar combination of familiar communicative demands. The partner asks one relevant question at a time.","Combine planning, problem-solving and a clear follow-up message. Write for this purpose: a connected personal or formal message chosen by situation. Include only the information the reader needs.",flexible reuse of A1–B1 resources; communication repair; no new advanced grammar gate,"Complete a fresh mixed-situation assessment across personal, work/study and public domains",draft—teacher review required
